{"cameraMode":{"drawMode":0,"name":"Shaded","section":"Shading Mode"},"sceneLighting":true,"audioPlay":false,"sceneViewState":{"showFog":true,"showMaterialUpdate":false,"showSkybox":true,"showFlares":true,"showImageEffects":true,"showParticleSystems":true},"in2DMode":false,"pivot":{"x":0.12206220626831055,"y":-5.198716163635254,"z":2.209231376647949},"rotation":{"x":0.6645795702934265,"y":-0.004920877981930971,"z":0.004397882614284754,"w":0.747267484664917},"size":5.972272872924805,"orthographic":true}